cell_name,cluster
KC33_AAGACTCAGATTGAGT,12
KC33_ACGTAACAGAAGTCTA,12
KC33_AGAAGTACACCTGCTT,12
KC33_AGGTTACAGCATGCGA,12
KC33_ATTCTTGGTCCGGCAT,12
KC33_CATCCACAGGTACAAT,12
KC33_CATCGCTCATATTCGG,12
KC33_CCAATGAGTCTGTCAA,12
KC33_CCTCCAATCGCACGAC,14
KC33_CGAATTGGTCGCTGCA,12
KC33_CGAGGAAGTACCAATC,12
KC33_CGAGGCTAGGTGCTTT,12
KC33_CGAGGCTCAATCGCGC,14
KC33_CGATGCGGTCTGTAAC,12
KC33_CGTGCTTGTGAGATTA,14
KC33_CGTTGGGAGGTGCTTT,12
KC33_GACACGCTCATGAGGG,12
KC33_GACATCAAGAAACTGT,12
KC33_GAGACCCAGTCGAGGT,12
KC33_GATAGCTGTCGACGCT,12
KC33_GATCAGTAGTGAGCCA,12
KC33_GGAATGGAGAGGGCGA,12
KC33_GTAACCAAGAGATCGC,12
KC33_GTCATGATCTTGTGCC,12
KC33_GTGCAGCAGCCAAGGT,12
KC33_GTTCGCTAGGGCAAGG,12
KC33_TATCGCCGTTCTAACG,12
KC33_TCAGGTATCGAATCCA,12
KC33_TCCAGAATCAGATGCT,12
KC33_TCCGATCTCTAGACCA,14
KC33_TCGAACAAGGGATGTC,14
KC33_TCGGGCAGTTGGATCT,12
KC33_TCTACATGTGTGTCGC,12
KC33_TGAATCGAGAGCTTTC,12
KC33_TGGGAGACAATGAAAC,12
KC33_TTACCATGTAAGTTGA,12
KC33_TTCCACGCAACCGCCA,12
KC77_AAACGCTTCGGTCTGG-1,15
KC77_AAAGGATTCACTGAAC-1,14
KC77_AACCATGGTGTGTGTT-1,12
KC77_AAGAACAAGGTCACAG-1,12
KC77_AAGCATCCATATACCG-1,14
KC77_AAGCGAGGTACGACAG-1,12
KC77_AAGGAATGTTATTCTC-1,14
KC77_AAGTCGTTCCATCACC-1,12
KC77_ACACAGTGTACCAGAG-1,14
KC77_ACACGCGGTGCGAACA-1,14
KC77_ACCCAAATCTGGCCGA-1,14
KC77_ACCTGAATCTTTCCAA-1,14
KC77_AGACAAAAGCGTACAG-1,12
KC77_AGATCGTCAGGCGAAT-1,16
KC77_AGGGTCCAGGTTAAAC-1,14
KC77_AGGTAGGGTGTTCCAA-1,12
KC77_AGTCACAGTCTGTGTA-1,12
KC77_ATCATTCTCTCCGCAT-1,14
KC77_ATTCCCGCATTCAGGT-1,13
KC77_CAACAACGTTGATCGT-1,12
KC77_CACAGATCAGATACCT-1,14
KC77_CAGATTGTCTTGGAAC-1,12
KC77_CAGTTCCCATAATCGC-1,12
KC77_CATTCCGCAAGACTGG-1,14
KC77_CCGATGGGTATTGCCA-1,13
KC77_CCTCAGTCAGTGGTGA-1,14
KC77_CGGACACAGCTAATCC-1,14
KC77_CGTGATAGTGGTAACG-1,13
KC77_CTACAGAAGCGTTGTT-1,13
KC77_CTACCTGGTTCAGCTA-1,13
KC77_CTATAGGAGACATATG-1,14
KC77_CTCCGATCAGTTGGTT-1,12
KC77_CTTCTAACATCGAGCC-1,16
KC77_GAGTGTTAGTGTGTTC-1,12
KC77_GCACATAGTCCATCTC-1,13
KC77_GCGATCGGTATGCTAC-1,13
KC77_GCGGATCTCCGAGAAG-1,12
KC77_GGAGGATCATTGTCGA-1,15
KC77_GGATGTTCAGCTGCCA-1,12
KC77_GGGAAGTGTCGAGCTC-1,12
KC77_GGGAGTACAGAGCGTA-1,12
KC77_GGTAACTCAACCAATC-1,12
KC77_GGTGGCTTCACAATGC-1,14
KC77_GTCAGCGAGGCTCAAG-1,12
KC77_GTGCACGCATGGGATG-1,12
KC77_GTTTACTAGGCACTAG-1,14
KC77_TAATCTCAGAAGGTAG-1,14
KC77_TACCGAATCTGCCTCA-1,12
KC77_TACGGGCTCGGCTATA-1,14
KC77_TACTGCCAGTTTGGCT-1,12
KC77_TATGTTCCAGTGTGCC-1,12
KC77_TCAAGCAAGCCACCGT-1,12
KC77_TCAGCCTTCTGACAGT-1,14
KC77_TCCATCGGTGTTAGCT-1,13
KC77_TCCTGCATCCTTATCA-1,15
KC77_TCGGATATCAGCTGTA-1,14
KC77_TCTGCCAAGAGTGTGC-1,12
KC77_TGACTCCTCGGAGTAG-1,14
KC77_TGCTCCACAATTCGTG-1,12
KC77_TGTAACGCAGTCAGCC-1,12
KC77_TTCTAGTTCGTTCTCG-1,12
KC77_TTGTTTGCAGGTGACA-1,15
KC77_TTTGTTGCAAAGAACT-1,12
KC78_AACGGGAAGTTTAGGA-1,12
KC78_AAGAACACAACCACAT-1,12
KC78_AAGTTCGAGAAATCCA-1,12
KC78_AATGAAGTCGTACACA-1,13
KC78_ACCTGAATCGCGCCAA-1,14
KC78_ACGATCACAGCGGATA-1,12
KC78_AGACCATGTTTGGAGG-1,12
KC78_AGATCCACATGCGGTC-1,15
KC78_AGATCCATCAAGCCTA-1,14
KC78_AGCCACGGTGCCTGAC-1,13
KC78_AGTAACCAGGGTTAAT-1,14
KC78_CAATGACGTTCTCTAT-1,14
KC78_CATCGTCAGCTGCCTG-1,13
KC78_CCCTCAAGTCGCTGCA-1,13
KC78_CCTGTTGCAGACCAGA-1,14
KC78_CGAGTGCAGATTGACA-1,12
KC78_CGATCGGCACTGTGAT-1,13
KC78_CGATCGGTCTTCTGGC-1,13
KC78_CTACAGATCCACCTCA-1,13
KC78_CTACGGGCAATGTGGG-1,13
KC78_CTATAGGCACAAATCC-1,13
KC78_CTCAACCTCAGGAGAC-1,15
KC78_GAAGAATGTCCAGAAG-1,14
KC78_GACTATGGTACTGACT-1,13
KC78_GAGTGAGTCGCTACAA-1,12
KC78_GAGTTACCAGTGCGCT-1,12
KC78_GAGTTGTCATCTCATT-1,13
KC78_GATAGCTGTACCGCGT-1,14
KC78_GCACATAAGCACACAG-1,13
KC78_GGAGCAATCCGCTTAC-1,12
KC78_GGCAGTCAGTTTAGGA-1,12
KC78_GGGACAAGTTTGATCG-1,12
KC78_GGGAGATCAAGCTACT-1,12
KC78_GGGAGATTCCATTGGA-1,12
KC78_GGGTATTGTTACCTGA-1,13
KC78_GGTAGAGTCTGTTGGA-1,12
KC78_GTCATGAAGCCAGAGT-1,13
KC78_GTCCCATTCCAATGCA-1,16
KC78_GTTACCCAGCCATATC-1,12
KC78_TACAACGCACACCTTC-1,12
KC78_TAGACCATCTCATTGT-1,16
KC78_TATCCTATCGCCGAAC-1,13
KC78_TCTCCGAAGAGGTTTA-1,13
KC78_TGAGACTAGCCAAGTG-1,13
KC78_TGCTGAAAGAATGTTG-1,12
KC78_TGGTGATCACGTGAGA-1,15
KC78_TTAGTCTAGGCCCAAA-1,12
KC78_TTGGGATTCGAACGCC-1,12
KC78_TTTGACTGTTTCGTGA-1,12
KC79_AAACGCTAGAGTGAAG-1,12
KC79_AAACGCTCATGACGGA-1,12
KC79_AAAGGATGTCGTGCCA-1,12
KC79_AAAGTCCGTATGTGTC-1,12
KC79_AAAGTCCGTCTGTGTA-1,12
KC79_AACAAAGTCTAGAGCT-1,12
KC79_AACCTTTCAAATGCTC-1,12
KC79_AACCTTTCATGCTGCG-1,12
KC79_AACGAAAAGATGGTAT-1,12
KC79_AAGACAAGTACAGCGA-1,12
KC79_AAGACAAGTCTGCCTT-1,12
KC79_AAGTGAAGTCACTAGT-1,12
KC79_AAGTGAATCTTCGATT-1,12
KC79_AATCGTGCAGAAATTG-1,12
KC79_AATCGTGCAGACCGCT-1,12
KC79_AATTCCTTCGGTCAGC-1,12
KC79_ACACAGTTCGTGGCTG-1,12
KC79_ACCACAATCTCTTCAA-1,12
KC79_ACCCTTGGTCGAACGA-1,12
KC79_ACCCTTGTCCAGTGTA-1,12
KC79_ACGATCATCATGAGTC-1,12
KC79_ACGATGTGTGCTTATG-1,12
KC79_ACGGTCGGTCGAGATG-1,12
KC79_ACGGTCGGTCGCTTAA-1,12
KC79_ACGTAACTCACTGCTC-1,12
KC79_ACGTACAGTGATACAA-1,12
KC79_ACGTAGTTCACAACCA-1,15
KC79_ACTACGACACCTGCTT-1,12
KC79_ACTATCTTCACGATAC-1,12
KC79_ACTATTCTCGACGAGA-1,12
KC79_ACTCTCGTCCTACGAA-1,12
KC79_ACTGATGCACGAAGAC-1,12
KC79_ACTGATGGTCGTGGTC-1,12
KC79_ACTGCAAAGAGTACCG-1,15
KC79_ACTGCAACAAGTTCGT-1,12
KC79_ACTGTGATCGTAGCTA-1,12
KC79_ACTTCGCCATGACAGG-1,12
KC79_AGAAATGCACGTGAGA-1,12
KC79_AGACACTCAAATACAG-1,12
KC79_AGACCATAGTGTTGAA-1,12
KC79_AGACTCAAGGTTCTAC-1,12
KC79_AGACTCAGTGACATCT-1,12
KC79_AGATGAAAGATACGAT-1,16
KC79_AGATGCTAGTTACGAA-1,12
KC79_AGCATCATCTTGAACG-1,12
KC79_AGCCAGCTCACACGAT-1,12
KC79_AGCGCTGCAGTACTAC-1,12
KC79_AGCGTATTCCGATGTA-1,12
KC79_AGCGTCGAGAATTCAG-1,12
KC79_AGCTCAACATCCTGTC-1,12
KC79_AGCTCAAGTAGGCAGT-1,12
KC79_AGCTCAATCGCTAGCG-1,12
KC79_AGGAATAAGGTCGACA-1,12
KC79_AGGAATACACGCCACA-1,12
KC79_AGGAGGTTCCGATTAG-1,12
KC79_AGGATCTGTAGCTGAG-1,12
KC79_AGGCTGCCAGGTGTGA-1,12
KC79_AGGGCCTCAGTTTGGT-1,12
KC79_AGGGCCTTCGGACGTC-1,12
KC79_AGGGCTCTCGTTCTCG-1,12
KC79_AGGGTTTTCTCTCTTC-1,12
KC79_AGGTAGGCACCGTGCA-1,12
KC79_AGGTGTTCAGATCCAT-1,12
KC79_AGTACTGGTCGCGGTT-1,12
KC79_AGTAGTCCACGTTCGG-1,12
KC79_AGTAGTCGTTTCCCAC-1,12
KC79_AGTGATCGTTCAAACC-1,15
KC79_AGTGATCTCGGCATCG-1,12
KC79_AGTGCCGGTGCATTTG-1,12
KC79_AGTTCGAGTCCAATCA-1,12
KC79_ATACCGACAGGTACGA-1,12
KC79_ATACTTCCAGAGTGAC-1,12
KC79_ATAGAGATCGTCCATC-1,14
KC79_ATATCCTTCCGTGTAA-1,12
KC79_ATCACGAGTGTAACGG-1,16
KC79_ATCATTCGTTGAGAGC-1,12
KC79_ATCCGTCCAACCAACT-1,12
KC79_ATCCTATGTTGGACCC-1,12
KC79_ATCGATGAGTAGAATC-1,16
KC79_ATCGCCTTCGGTAGGA-1,12
KC79_ATCGTGAGTCACTGAT-1,12
KC79_ATGCCTCTCATGGATC-1,12
KC79_ATGTCTTGTGTGTTTG-1,12
KC79_ATTCATCCAATCAGCT-1,12
KC79_ATTCGTTAGGGCCTCT-1,12
KC79_ATTGGGTGTATACCTG-1,12
KC79_ATTGTTCCAACACGAG-1,12
KC79_ATTTCACAGTCTGGAG-1,12
KC79_CAACAGTAGGCTCTAT-1,12
KC79_CAAGGGATCGCATTAG-1,12
KC79_CACACAAAGTGTAGTA-1,12
KC79_CACACAAGTGGTCCCA-1,12
KC79_CACCGTTAGCATCGAG-1,12
KC79_CACGAATAGCTACAAA-1,12
KC79_CACGAATGTCGGCCTA-1,14
KC79_CACGGGTTCATCCCGT-1,14
KC79_CACTAAGAGCTGCCAC-1,15
KC79_CAGAGCCTCCATTTAC-1,12
KC79_CAGCAATCACAGCTTA-1,12
KC79_CAGCAATGTCCGGATC-1,12
KC79_CAGCCAGTCCGACGGT-1,12
KC79_CAGCGTGCATGACGTT-1,12
KC79_CAGGGCTAGCGCGTTC-1,12
KC79_CAGGGCTTCTCGTCAC-1,12
KC79_CAGGTATAGCTCCACG-1,12
KC79_CAGGTATCACATTGTG-1,12
KC79_CAGTGCGAGAATTGTG-1,12
KC79_CAGTGCGCAGAATCGG-1,12
KC79_CAGTGCGGTCGCATGC-1,12
KC79_CAGTTAGTCCTAGCGG-1,12
KC79_CATAAGCTCGTTCATT-1,12
KC79_CATACAGAGAAGGCTC-1,12
KC79_CATCAAGCAAATACGA-1,12
KC79_CATCAAGGTACTCCGG-1,12
KC79_CATCCCAAGGCTTAGG-1,12
KC79_CATCGCTGTGGACTAG-1,12
KC79_CATGCTCTCACGGACC-1,12
KC79_CATGGATAGAACTGAT-1,12
KC79_CATTCCGAGCGTGCCT-1,12
KC79_CATTCTAAGGCATGGT-1,12
KC79_CCAATGACATGACTAC-1,12
KC79_CCACAAACATGGAACG-1,12
KC79_CCACCATTCGAGTCCG-1,12
KC79_CCATAAGTCCTATTGT-1,12
KC79_CCCGAAGCACTGAGGA-1,12
KC79_CCCTCAAGTGGCAGAT-1,12
KC79_CCGAACGCATTGCCTC-1,12
KC79_CCGGACAAGATACGAT-1,12
KC79_CCGGACACATAGCACT-1,12
KC79_CCGTTCATCTGGAAGG-1,12
KC79_CCTAACCGTTCAAAGA-1,12
KC79_CCTCAACTCTGACGCG-1,12
KC79_CCTCAGTAGAGCCCAA-1,12
KC79_CCTCATGTCGCAACAT-1,12
KC79_CCTCCTCTCAAAGGTA-1,12
KC79_CCTGTTGAGGACGCAT-1,12
KC79_CCTTGTGGTACGATTC-1,12
KC79_CGACAGCGTATCAGGG-1,12
KC79_CGAGAAGGTCTTCAAG-1,12
KC79_CGCAGGTAGAAATTGC-1,12
KC79_CGCAGGTTCTAAACGC-1,12
KC79_CGCATGGCACGTCGTG-1,12
KC79_CGCCATTCACGGGCTT-1,12
KC79_CGGACACGTAGCGCCT-1,12
KC79_CGGGTCAGTTTCGTAG-1,12
KC79_CGGTCAGGTATTCCGA-1,12
KC79_CGTAGTACACATAGCT-1,12
KC79_CGTCCATAGGTGTGAC-1,12
KC79_CGTGAATCAGATACTC-1,12
KC79_CGTGATATCAGGACAG-1,12
KC79_CGTGCTTTCCCACAGG-1,12
KC79_CGTTCTGCATGGCTAT-1,12
KC79_CTAACCCCACTCCGGA-1,12
KC79_CTACCCAAGGTAGTAT-1,12
KC79_CTACGGGGTGAATGAT-1,12
KC79_CTCAATTCATCGTGGC-1,12
KC79_CTCCACAAGCCTAGGA-1,12
KC79_CTCCACAAGCGCGTTC-1,12
KC79_CTCCTCCCACGAAGAC-1,12
KC79_CTCGAGGAGACAACTA-1,12
KC79_CTCTGGTCAGACGCTC-1,12
KC79_CTGAATGCAGCATGCC-1,12
KC79_CTGCAGGGTTGGTAGG-1,12
KC79_CTGCGAGAGACCATGG-1,12
KC79_CTGCTCACAGACGCTC-1,12
KC79_CTGGACGAGCCATTCA-1,12
KC79_CTGGCAGAGCAGCCCT-1,12
KC79_CTGTACCAGCACGTCC-1,12
KC79_CTGTAGAAGCATCCTA-1,12
KC79_CTGTAGAAGGCTGTAG-1,12
KC79_CTGTATTAGGATAATC-1,12
KC79_CTGTATTCATGAAAGT-1,12
KC79_CTGTATTGTGGTACAG-1,12
KC79_CTGTGAACAACAGTGG-1,12
KC79_CTTACCGCAGAAGTTA-1,12
KC79_CTTAGGAGTACCGTCG-1,15
KC79_CTTCTAACAAGCGCTC-1,12
KC79_CTTTCGGCAGAACGCA-1,12
KC79_GAAGAATTCGAAGCCC-1,12
KC79_GAAGCCCCACACTGGC-1,12
KC79_GAAGGACAGAGAGGGC-1,12
KC79_GAAGTAAAGACCATTC-1,12
KC79_GAATCGTAGTATAACG-1,12
KC79_GACCAATAGTCGCCCA-1,12
KC79_GACCAATCACTGGAAG-1,12
KC79_GACCCTTAGCCATTGT-1,12
KC79_GACCTTCAGAGACAAG-1,12
KC79_GACCTTCGTGGAACAC-1,12
KC79_GACCTTCTCACACCGG-1,12
KC79_GACCTTCTCTGACCCT-1,12
KC79_GACGTTACACATGACT-1,12
KC79_GACTCTCTCAGCACCG-1,12
KC79_GAGAGGTCATGCCGCA-1,12
KC79_GAGCTGCAGTTGAAGT-1,12
KC79_GAGGGATGTCTAGGTT-1,12
KC79_GAGTCTAGTATATGGA-1,12
KC79_GAGTGAGAGCACAAAT-1,12
KC79_GAGTTTGAGGTGCATG-1,12
KC79_GATAGAACAAAGAACT-1,12
KC79_GATAGCTGTAGGCTGA-1,12
KC79_GATCCCTGTTTCGCTC-1,12
KC79_GATCGTATCGATAACC-1,12
KC79_GATGAGGTCTAACGCA-1,12
KC79_GATGATCAGCGTTCCG-1,12
KC79_GATGATCAGTTCCTGA-1,12
KC79_GATGGAGGTATGCTAC-1,12
KC79_GCACTAAGTACAGTAA-1,12
KC79_GCACTAATCTTACTGT-1,12
KC79_GCAGGCTTCATCAGTG-1,12
KC79_GCATCGGGTACCTATG-1,12
KC79_GCCAGCAGTCGCATGC-1,12
KC79_GCCATGGCAGGTAGTG-1,12
KC79_GCCCGAAGTCCCTAAA-1,12
KC79_GCCTGTTTCCGTGACG-1,12
KC79_GCGATCGTCGGACTTA-1,12
KC79_GCGTGCATCATCGGGC-1,12
KC79_GCTCAAAAGCGGTAGT-1,12
KC79_GCTGCAGCAATTGAGA-1,12
KC79_GCTTTCGCATACCATG-1,12
KC79_GGAATGGAGCTCTGTA-1,12
KC79_GGAGAACAGTTAGTAG-1,12
KC79_GGAGAACCATCGAACT-1,12
KC79_GGAGCAAGTACCCGAC-1,12
KC79_GGAGGTAAGGATTTCC-1,12
KC79_GGATGTTTCTCCGTGT-1,12
KC79_GGGACCTCACTTTAGG-1,12
KC79_GGGACTCCATGGCCCA-1,12
KC79_GGGATCCAGCTCGCAC-1,12
KC79_GGTAATCAGAGCCTGA-1,12
KC79_GGTAATCAGGAACTAT-1,12
KC79_GGTCACGCAGCGTACC-1,12
KC79_GGTCTGGAGAAGTCCG-1,12
KC79_GGTGAAGTCGCTGTCT-1,14
KC79_GTAACACGTACCATAC-1,12
KC79_GTAACACGTCTAGATC-1,12
KC79_GTAAGTCGTGGACCTC-1,12
KC79_GTAAGTCTCGATTGGT-1,12
KC79_GTAAGTCTCTAGTACG-1,12
KC79_GTACAGTTCTAGAGCT-1,12
KC79_GTAGAGGCAAAGGAGA-1,12
KC79_GTATTGGGTGATACAA-1,12
KC79_GTCACGGGTCCACTTC-1,16
KC79_GTCATCCGTTAGGCTT-1,12
KC79_GTCATGAGTCTCAGGC-1,12
KC79_GTCATTTAGCTCGCAC-1,12
KC79_GTCCCATCAGCTCTGG-1,12
KC79_GTCGTAAGTTGGGCCT-1,12
KC79_GTCGTTCTCTTACCGC-1,12
KC79_GTCTACCAGACCAGCA-1,12
KC79_GTCTACCAGTGGTGGT-1,12
KC79_GTGAGGATCACACCGG-1,12
KC79_GTGAGTTTCATGTCTT-1,12
KC79_GTGGAAGTCAGACTGT-1,12
KC79_GTGGGAATCAGAACCT-1,12
KC79_GTTACAGAGATTCGCT-1,12
KC79_GTTCCGTGTCCGATCG-1,14
KC79_GTTGTAGGTCACTTAG-1,12
KC79_GTTGTAGTCCATAGGT-1,12
KC79_GTTGTGATCAGGAAGC-1,12
KC79_TAACACGGTACGACAG-1,12
KC79_TAACCAGAGGGTTTCT-1,12
KC79_TAACGACCATCCAATG-1,12
KC79_TAACTTCAGAGCAAGA-1,12
KC79_TAAGCCAAGTGCCGAA-1,12
KC79_TACCCACTCTAGTGTG-1,12
KC79_TACCGAACAAGTCATC-1,12
KC79_TACCGGGGTAGTGGCA-1,12
KC79_TACGGGCTCCGCTGTT-1,12
KC79_TACTGCCAGAACTCCT-1,12
KC79_TACTGCCCATATGCGT-1,12
KC79_TACTTCACAACTGCCG-1,12
KC79_TAGAGTCCACATGAAA-1,12
KC79_TAGATCGAGAGAGTTT-1,12
KC79_TAGCACAAGGTGATAT-1,12
KC79_TATCTGTAGTAGCATA-1,12
KC79_TATTGGGGTACTAACC-1,14
KC79_TATTTCGGTCTAGATC-1,12
KC79_TCACAAGTCAGAGTGG-1,12
KC79_TCACACCAGCCTCACG-1,12
KC79_TCACTATCATCTTTCA-1,12
KC79_TCATATCAGTGCCAGA-1,12
KC79_TCATGAGAGCAGGCTA-1,12
KC79_TCATGCCGTCGGCTAC-1,12
KC79_TCATGGACACAGCATT-1,14
KC79_TCATGTTCAACCCGCA-1,12
KC79_TCATGTTTCTTACGTT-1,12
KC79_TCATTACAGTCTGCAT-1,12
KC79_TCATTTGAGGACGGAG-1,12
KC79_TCCATCGCAAGCTGTT-1,12
KC79_TCCATCGTCTCCATAT-1,12
KC79_TCCATGCTCACAATGC-1,12
KC79_TCCGAAACAAGGGTCA-1,12
KC79_TCCGTGTTCTTACTGT-1,12
KC79_TCCTGCAAGGCATGGT-1,12
KC79_TCCTGCAGTGCATGTT-1,12
KC79_TCGAACAAGATGCTGG-1,12
KC79_TCGAACATCCGCGAGT-1,12
KC79_TCGAAGTGTCCAGCCA-1,12
KC79_TCGAAGTGTGGGTATG-1,12
KC79_TCGCACTCACAGCTGC-1,12
KC79_TCGGGACCAATGTGGG-1,12
KC79_TCGTAGATCAGCTAGT-1,12
KC79_TCTATCACAAGTGGTG-1,14
KC79_TCTCAGCGTTGTACGT-1,12
KC79_TCTTTGACATGGGATG-1,12
KC79_TGAATCGTCTCGTGAA-1,12
KC79_TGACAGTTCACCTTGC-1,12
KC79_TGACGCGTCAAGAGTA-1,12
KC79_TGATTTCAGTGCCAGA-1,12
KC79_TGATTTCCATGGAATA-1,16
KC79_TGCAGGCTCCGCATAA-1,12
KC79_TGCAGTAAGGGTTGCA-1,12
KC79_TGCAGTAGTGGCAACA-1,12
KC79_TGCATCCCAACCGGAA-1,12
KC79_TGCGGCAGTGATACCT-1,12
KC79_TGCTGAACACATCCCT-1,12
KC79_TGGCGTGTCGCCTTGT-1,12
KC79_TGGTTAGCAAGTCCAT-1,12
KC79_TGTAAGCAGGTAGACC-1,15
KC79_TGTAGACGTGAAAGTT-1,16
KC79_TGTAGACGTTCTCTCG-1,12
KC79_TGTCAGAGTTTCGTGA-1,12
KC79_TGTCCTGCAAATGATG-1,12
KC79_TGTTACTCAGCCGTTG-1,12
KC79_TGTTCCGAGAGTTGCG-1,12
KC79_TGTTCTAGTGTTTGCA-1,16
KC79_TGTTCTAGTTCCGCGA-1,12
KC79_TTACTGTTCGAAGCAG-1,12
KC79_TTATTGCTCCGAGTGC-1,12
KC79_TTCAATCCAAGCCTGC-1,12
KC79_TTCATGTAGCCGAACA-1,12
KC79_TTCCGGTGTAGTCTTG-1,12
KC79_TTCCGGTTCTAATTCC-1,12
KC79_TTCCGTGGTGTACAGG-1,12
KC79_TTCGCTGTCGCTCCTA-1,12
KC79_TTCGGTCAGTCACTCA-1,12
KC79_TTGAACGGTCTTGTCC-1,12
KC79_TTGATGGCAACCGTGC-1,12
KC79_TTGCCTGCAACACGAG-1,12
KC79_TTGGTTTGTGGTAACG-1,12
KC79_TTGTTGTGTGGTTTAC-1,16
KC79_TTTACGTCAGTTGAAA-1,12
KC79_TTTACGTGTCAGCTTA-1,12
KC79_TTTACGTTCTTGGAAC-1,12
KC79_TTTGACTTCACCACAA-1,12
KC79_TTTGATCAGGTAGTAT-1,12
KM69_AAAGTCCAGACCAGAC-1,14
KM69_AACACACAGTCTAGCT-1,16
KM69_ACCACAACACGACGAA-1,15
KM69_ACTATCTCATTGCCTC-1,16
KM69_AGAGCAGAGCGTGAGT-1,13
KM69_AGATAGAAGCCGGATA-1,14
KM69_AGCCAGCCATGCTGCG-1,14
KM69_AGGTTACTCTAATTCC-1,12
KM69_AGTGATCTCATTACCT-1,14
KM69_ATCCCTGCATGCCATA-1,14
KM69_ATCGGCGTCCCGAGAC-1,12
KM69_ATGACCAAGACTGGGT-1,16
KM69_ATGCATGGTCTACGTA-1,13
KM69_ATGCGATCACCGGAAA-1,13
KM69_CAGCAGCAGGGAGGGT-1,14
KM69_CATGCGGGTCACGTGC-1,12
KM69_CCACGAGAGATTGATG-1,14
KM69_CCCGGAAGTACTCGAT-1,12
KM69_GAAGCCCCAAGAGATT-1,13
KM69_GACCGTGAGGTTACAA-1,14
KM69_GTATTTCTCTCATTTG-1,14
KM69_GTGGGAAGTCGCGTCA-1,13
KM69_GTTCGCTAGTAAAGCT-1,12
KM69_TGACAGTAGGTATTGA-1,12
KM69_TTAATCCGTCTACAGT-1,12
KM69_TTAGGCACAACCGCTG-1,14
KM69_TTGGGCGAGGTTCATC-1,16
KM69_TTTACGTTCCCATAGA-1,14
KM69_TTTATGCTCGAGAACG-1,14
KM69_TTTGGTTAGTAGAGTT-1,13
KM71_AAACCCAAGGGCGAGA-1,16
KM71_AACAGGGCAAGATGGC-1,13
KM71_AACGAAATCTACCTTA-1,13
KM71_AATAGAGCAAGAGCTG-1,14
KM71_ACTGATGTCCGAACGC-1,13
KM71_AGGATAAGTGTTACTG-1,12
KM71_ATATCCTGTAAGGAGA-1,13
KM71_ATTATCCGTTCGTAAC-1,14
KM71_CACTTCGAGCAGCCCT-1,13
KM71_CATGCCTGTATGATCC-1,13
KM71_CATTGAGCAGAGCCCT-1,13
KM71_CCAAGCGGTATGGGAC-1,13
KM71_CCCTCTCAGAGCACTG-1,13
KM71_CGTAAGTGTTGATCGT-1,13
KM71_CTAACTTTCTAACGGT-1,13
KM71_CTACATTCAAAGAGTT-1,13
KM71_CTACCCATCTGTCAGA-1,13
KM71_CTTTCAATCGGCATAT-1,14
KM71_GACCTTCTCTAAGAAG-1,14
KM71_GAGAGGTTCATCGCAA-1,13
KM71_GAGGGTAAGGACCCAA-1,13
KM71_GATGATCAGGTCGTGA-1,13
KM71_GATGATCGTGATCGTT-1,13
KM71_GCCGTGACAGCTCGGT-1,13
KM71_TAGGGTTGTTTGGAAA-1,13
KM71_TATTCCAGTCTGTAAC-1,13
KM71_TCCTTTCAGGTGCCTC-1,13
KM71_TCGCTTGGTGACAGCA-1,15
KM71_TGATTCTGTGCCTGCA-1,13
KM71_TGCGATATCTGATTCT-1,13
KM72_AACCTTTGTCACTAGT-1,14
KM72_AAGGTAATCGTGCATA-1,15
KM72_AATGGAATCGTTCTGC-1,12
KM72_AGAACAACAATACCTG-1,14
KM72_ATAGAGATCATACGGT-1,12
KM72_CAGTGCGTCTGAGCAT-1,14
KM72_CATCGTCAGCTCCGAC-1,14
KM72_CCTCCTCTCATCCCGT-1,15
KM72_CGTAATGTCTTTGCAT-1,15
KM72_CTAACTTCACATAACC-1,14
KM72_CTCATCGCAGGCATGA-1,14
KM72_CTTACCGAGGTCCCTG-1,16
KM72_GCACATACATCACCAA-1,13
KM72_GCCCAGAGTCTTTATC-1,16
KM72_GTCCACTGTCACTGAT-1,14
KM72_GTCTTTACAGTTGAAA-1,12
KM72_GTGCAGCGTGGTTTGT-1,14
KM72_TACCGGGTCGAAACAA-1,14
KM72_TACTTACTCGCAGTGC-1,14
KM72_TCACAAGAGACATCCT-1,14
KM72_TCCTAATAGTATGCAA-1,15
KM102_AAACCCACAAGAATGT-1,13
KM102_AAACGAACATACCGTA-1,13
KM102_AAAGAACAGTATAGAC-1,13
KM102_AAAGAACCAGGGTCTC-1,13
KM102_AAAGAACTCTTGATTC-1,13
KM102_AACAAGAGTGACAACG-1,14
KM102_AACACACTCGGTAGGA-1,13
KM102_AACAGGGAGAGTCAGC-1,13
KM102_AACAGGGCACCAGTAT-1,13
KM102_AACCAACTCTGGTGGC-1,13
KM102_AAGTGAATCCGTGTCT-1,13
KM102_AATAGAGGTTGTAAAG-1,15
KM102_AATCGTGCAACCACAT-1,13
KM102_AATGGAAAGGTAGCAC-1,13
KM102_AATGGCTCACAGCCAC-1,13
KM102_AATGGCTGTCCACTCT-1,13
KM102_ACACAGTTCTACACTT-1,13
KM102_ACATCGAAGAAGTCAT-1,13
KM102_ACATGCACATTACTCT-1,13
KM102_ACCACAAGTGACAACG-1,13
KM102_ACCGTTCAGTGAGGCT-1,13
KM102_ACGGAAGCATAAGCAA-1,13
KM102_ACGTAACTCACAGTGT-1,13
KM102_ACGTAGTTCTCTCGAC-1,13
KM102_ACTATGGAGCAAGTGC-1,13
KM102_ACTCTCGAGGAAGTGA-1,13
KM102_ACTGTCCGTAGCGTCC-1,13
KM102_ACTGTCCTCTTCGCTG-1,13
KM102_ACTTAGGGTTGGACTT-1,13
KM102_ACTTATCAGCAATTAG-1,13
KM102_ACTTTGTCAAGCTGTT-1,13
KM102_AGAACCTGTATCCTTT-1,13
KM102_AGACCCGCAAAGCGTG-1,13
KM102_AGAGAATAGCGTCTGC-1,13
KM102_AGAGCAGAGCGAGGAG-1,13
KM102_AGAGCCCAGCTCGGCT-1,13
KM102_AGATCCAGTATGACAA-1,13
KM102_AGATCCAGTCGGATTT-1,13
KM102_AGATCGTTCATTCGTT-1,15
KM102_AGATGAAAGCTCCGAC-1,13
KM102_AGATGCTAGCTTCGTA-1,13
KM102_AGATGCTTCGACATTG-1,13
KM102_AGCCACGAGAATCGCG-1,13
KM102_AGCGCCATCGTCCTCA-1,13
KM102_AGCTACAAGTTTGTCG-1,13
KM102_AGCTTCCTCAAGGCTT-1,13
KM102_AGGAAATGTTTAGAGA-1,13
KM102_AGGACTTGTTCGTTCC-1,13
KM102_AGGATCTAGCTATCCA-1,15
KM102_AGGATCTGTATGTCTG-1,13
KM102_AGGATCTGTGACACAG-1,13
KM102_AGGGTCCTCGGACGTC-1,13
KM102_AGGGTTTCAAATTAGG-1,13
KM102_AGTCACATCCACTTCG-1,14
KM102_AGTCTCCAGCTAGAGC-1,15
KM102_AGTGACTAGGTGCAGT-1,13
KM102_AGTGATCCATGCAGGA-1,13
KM102_AGTGCCGAGCTGAGCA-1,15
KM102_ATAGGCTCACGTTGGC-1,14
KM102_ATATCCTTCAGATGCT-1,13
KM102_ATCACAGTCCACCCTA-1,13
KM102_ATCACGAAGTCCCTAA-1,13
KM102_ATCACGAGTACTAGCT-1,13
KM102_ATCAGGTAGCGCCATC-1,13
KM102_ATCATTCGTTCGTTCC-1,13
KM102_ATCCGTCCAACACTAC-1,13
KM102_ATCGATGCAAGAGATT-1,13
KM102_ATCGCCTGTTTGTTGG-1,13
KM102_ATCGTGAAGATGGTAT-1,15
KM102_ATCGTGATCCTACACC-1,13
KM102_ATGGATCGTCTTGCGG-1,13
KM102_ATGGGAGGTGTAAATG-1,13
KM102_ATGGTTGTCATGCAGT-1,13
KM102_ATTCATCCAATCAGCT-1,15
KM102_ATTCCATTCCGTCACT-1,13
KM102_ATTCCCGTCCATTTAC-1,13
KM102_ATTTCTGTCAAAGGAT-1,13
KM102_ATTTCTGTCCTTCGAC-1,13
KM102_CAACAACAGACGGTCA-1,16
KM102_CAACCAATCACTGATG-1,13
KM102_CAAGCTATCACTCTTA-1,13
KM102_CAAGGGAGTTTCGGCG-1,13
KM102_CAATCGACACACCAGC-1,13
KM102_CACAGGCCAACGGCCT-1,13
KM102_CACAGGCCAGTCGGTC-1,13
KM102_CACCGTTAGAGTCCGA-1,13
KM102_CACGTGGGTGAGACGT-1,13
KM102_CAGCAATGTATGGTAA-1,13
KM102_CAGCACGAGTAATCCC-1,13
KM102_CAGCCAGGTCGTTGGC-1,13
KM102_CAGGCCAGTAGACGGT-1,13
KM102_CATCCCATCAACGTGT-1,13
KM102_CATCCGTAGTCGCCAC-1,13
KM102_CATGCAAAGACCAGCA-1,13
KM102_CATGCGGGTCGTAATC-1,13
KM102_CATGGATTCCCGAACG-1,13
KM102_CATTCATTCTTCGGTC-1,13
KM102_CATTGCCTCTGGCCTT-1,13
KM102_CATTTCAGTTTCTATC-1,13
KM102_CCAAGCGAGTTGCGCC-1,13
KM102_CCAATGAGTCCCACGA-1,13
KM102_CCACACTTCGAGAATA-1,13
KM102_CCATCACGTTCCACAA-1,13
KM102_CCCATTGGTTGGATCT-1,13
KM102_CCCATTGTCAAGCCTA-1,13
KM102_CCCATTGTCTACCACC-1,13
KM102_CCCTCTCTCCGGTAGC-1,13
KM102_CCCTTAGTCTTCTCAA-1,13
KM102_CCGATCTCACTATGTG-1,13
KM102_CCGGACAGTAGAATGT-1,13
KM102_CCGTTCATCCGTATGA-1,13
KM102_CCTAACCAGGATCATA-1,13
KM102_CCTAACCAGTGGTTGG-1,14
KM102_CCTATCGCAATATCCG-1,13
KM102_CCTCACAGTCCAGTTA-1,13
KM102_CCTGTTGCAATAGTAG-1,13
KM102_CCTGTTGGTGAAAGTT-1,13
KM102_CCTTCAGTCCCATAGA-1,13
KM102_CCTTGTGAGCCTTCTC-1,13
KM102_CGAAGTTCACCATAAC-1,15
KM102_CGAATTGAGTAACGAT-1,13
KM102_CGAATTGGTACTCGCG-1,13
KM102_CGACAGCTCCATCTGC-1,13
KM102_CGATGGCAGAAATGGG-1,13
KM102_CGCGTGATCACTGATG-1,13
KM102_CGGGACTTCCATTGGA-1,13
KM102_CGGGCATAGCGACTGA-1,13
KM102_CGTGATATCGTCGATA-1,13
KM102_CGTTAGAAGCGAGTAC-1,13
KM102_CTAACTTCAGACCAAG-1,13
KM102_CTACATTTCCATTTAC-1,14
KM102_CTATCTAAGCCTAACT-1,13
KM102_CTCAGAAAGGCACTAG-1,13
KM102_CTCAGAAGTGGTCTCG-1,13
KM102_CTCCCTCGTCAAAGAT-1,13
KM102_CTCCTCCAGTAGGAAG-1,13
KM102_CTGAGCGGTAAGGAGA-1,13
KM102_CTGAGGCAGATGCCGA-1,13
KM102_CTGCAGGTCGAGCCAC-1,13
KM102_CTGCTCATCACCATGA-1,13
KM102_CTGTACCAGCTTCATG-1,13
KM102_CTGTACCTCTACAGGT-1,13
KM102_CTGTAGAAGTGGTTGG-1,13
KM102_CTGTGGGTCAACCGAT-1,13
KM102_CTTACCGAGCGCGTTC-1,13
KM102_CTTACCGGTTTCGCTC-1,13
KM102_CTTAGGAGTGGAGGTT-1,13
KM102_CTTCGGTGTGTGACCC-1,13
KM102_CTTCGGTTCGAGATGG-1,13
KM102_CTTGATTCAGGTTCAT-1,13
KM102_GAAATGAAGACATCCT-1,15
KM102_GAAGGACGTTATTCCT-1,13
KM102_GACCCTTAGTGCGCTC-1,13
KM102_GACTTCCAGGTAGACC-1,13
KM102_GACTTCCGTAACAGTA-1,13
KM102_GAGACCCTCAATCTTC-1,13
KM102_GAGAGGTAGCGTGCTC-1,13
KM102_GAGGCCTGTGTATTGC-1,13
KM102_GAGGGATCACCTATCC-1,13
KM102_GAGTCTACACGGTGTC-1,13
KM102_GAGTTGTTCGAGAACG-1,13
KM102_GATCACACAAGTGGGT-1,13
KM102_GATCATGGTATTGGCT-1,13
KM102_GATGCTACATGCCATA-1,13
KM102_GATTTCTCACTGTCCT-1,13
KM102_GATTTCTTCGAGTCTA-1,14
KM102_GATTTCTTCGGACGTC-1,13
KM102_GCAACATAGTATGGCG-1,13
KM102_GCAACATTCGGATACT-1,13
KM102_GCACGGTCACATGGTT-1,13
KM102_GCACTAAGTATGAGGC-1,13
KM102_GCATCGGTCGGTTCAA-1,13
KM102_GCCAACGTCTGCGGGT-1,13
KM102_GCCAGTGAGCTAGAAT-1,12
KM102_GCCAGTGGTGAATGTA-1,13
KM102_GCCAGTGTCTACTGCC-1,13
KM102_GCCATTCCATACTTTC-1,13
KM102_GCCGATGTCTGGCCAG-1,13
KM102_GCGATCGAGCTCCATA-1,13
KM102_GCGGATCTCCGGCAAC-1,13
KM102_GCTACAACATCGATGT-1,16
KM102_GCTCAAAAGTCGCTAT-1,13
KM102_GCTCAAACAAGTGGTG-1,13
KM102_GCTGAATCATTGAGCT-1,15
KM102_GCTTGGGGTCAAGCGA-1,13
KM102_GGAACCCCATGGGTTT-1,13
KM102_GGAGATGCAGATTAAG-1,13
KM102_GGAGCAAGTACATTGC-1,13
KM102_GGAGCAATCTGCGTCT-1,13
KM102_GGCTGTGCACTTACAG-1,13
KM102_GGGACCTAGCATCAGG-1,13
KM102_GGGCCATCATAATGAG-1,13
KM102_GGGCGTTCAACACAGG-1,14
KM102_GGGCTACGTTATGGTC-1,13
KM102_GGGCTCAGTGTACAGG-1,13
KM102_GGGTAGATCATCGGGC-1,13
KM102_GGGTAGATCTCATTAC-1,13
KM102_GGGTATTCAGCGTTGC-1,13
KM102_GGGTGTCAGGTCCCGT-1,15
KM102_GGGTGTCGTCCTACAA-1,13
KM102_GGTGATTGTCATCAGT-1,13
KM102_GTACAACGTTGTATGC-1,13
KM102_GTACAGTCATTGGGAG-1,13
KM102_GTAGATCCATGGAACG-1,13
KM102_GTCATCCGTCACTCGG-1,13
KM102_GTCATTTAGCGCCTAC-1,13
KM102_GTCCCATAGTAGCATA-1,15
KM102_GTCGAATAGGTTGCCC-1,13
KM102_GTCGAATTCAGCCTTC-1,13
KM102_GTCGTAATCAATGCAC-1,13
KM102_GTCTCACGTAAGATAC-1,13
KM102_GTCTCACGTTAACAGA-1,13
KM102_GTCTCACGTTGGGACA-1,13
KM102_GTCTCACTCCTCGATC-1,14
KM102_GTCTTTAGTTCGAAGG-1,13
KM102_GTGATGTTCTCATGGA-1,13
KM102_GTGTAACCACGGCCAT-1,13
KM102_GTGTTAGTCGAAGGAC-1,13
KM102_GTTCGCTTCTCGCGTT-1,13
KM102_GTTCTATGTACTGAGG-1,13
KM102_GTTCTATGTGACAGCA-1,13
KM102_GTTGTCCCATCTGCGG-1,13
KM102_GTTTACTAGGCCTTCG-1,13
KM102_GTTTGGAGTACGATGG-1,13
KM102_TAACACGTCAACACGT-1,13
KM102_TAATTCCGTTGGACTT-1,13
KM102_TACAACGAGCCTGAGA-1,12
KM102_TACACCCAGCTCCATA-1,13
KM102_TACACCCGTACAGTTC-1,13
KM102_TACCCGTTCTACAGGT-1,13
KM102_TACCGGGAGGTGATCG-1,13
KM102_TACCTGCGTAAGAACT-1,13
KM102_TACGCTCCATCGGAGA-1,13
KM102_TACGGTACACCTCAGG-1,15
KM102_TAGACCACAATTGCAC-1,13
KM102_TAGACTGCACTGCATA-1,13
KM102_TAGCACATCGCAGAGA-1,13
KM102_TAGGTACTCGTAGGAG-1,13
KM102_TAGGTTGAGATCGCCC-1,13
KM102_TAGGTTGAGGCACTAG-1,13
KM102_TATACCTTCCGTGTAA-1,13
KM102_TATCAGGCAGTGGGTA-1,13
KM102_TATCTTGGTCAACACT-1,13
KM102_TATCTTGTCATACAGC-1,13
KM102_TATGTTCGTAGGACTG-1,13
KM102_TCAAGCACAAATGAAC-1,12
KM102_TCAATCTAGAGGCGGA-1,13
KM102_TCAATTCAGAGAACCC-1,13
KM102_TCACACCTCACCTCAC-1,13
KM102_TCACGGGTCCATTCAT-1,13
KM102_TCAGCAAAGACTCAAA-1,13
KM102_TCAGTCCCACAACATC-1,15
KM102_TCAGTGACAACTGTGT-1,13
KM102_TCATACTGTCTGTAAC-1,13
KM102_TCATATCTCCGCAAAT-1,13
KM102_TCATGAGTCAAACTGC-1,13
KM102_TCATGCCTCGAACGGA-1,13
KM102_TCATTACAGGCGACAT-1,13
KM102_TCATTACGTGCCGTAC-1,13
KM102_TCCAGAAAGTCCTGTA-1,13
KM102_TCCATGCAGGCTGGAT-1,13
KM102_TCCGGGAAGTGGATTA-1,13
KM102_TCCTCGAAGATGCTGG-1,13
KM102_TCCTGCAAGGCGTTGA-1,13
KM102_TCGAAGTCAGTAGAGC-1,13
KM102_TCGACGGGTAACATGA-1,13
KM102_TCGCAGGTCAAGAATG-1,13
KM102_TCGCAGGTCCCAACTC-1,13
KM102_TCGGATACACTCCGAG-1,13
KM102_TCGGGCACAGGACATG-1,15
KM102_TCGGGCATCTCTTAAC-1,13
KM102_TCGTGGGCAACGAGGT-1,15
KM102_TCTACCGGTCGAGTTT-1,13
KM102_TCTCAGCCAATGGGTG-1,13
KM102_TCTGGCTAGTGGTTAA-1,13
KM102_TCTTAGTGTATCCCAA-1,15
KM102_TCTTGCGCAAGCTCTA-1,13
KM102_TGACTCCCATTAAAGG-1,13
KM102_TGAGGAGAGTTGCTGT-1,13
KM102_TGAGGGATCTGGACCG-1,14
KM102_TGAGTCAAGCTTCTAG-1,13
KM102_TGATCTTGTCGTACAT-1,14
KM102_TGATTCTTCGAATGCT-1,13
KM102_TGATTTCTCAGGACGA-1,13
KM102_TGATTTCTCCGATGTA-1,14
KM102_TGCAGATTCGCCTCTA-1,13
KM102_TGCGGCAAGGGAACAA-1,13
KM102_TGCTCCAGTCACCCTT-1,13
KM102_TGGATCACACATTCTT-1,13
KM102_TGGGCGTGTACGCTTA-1,13
KM102_TGGGCTGGTTCAGCTA-1,13
KM102_TGTACAGTCCTAGCTC-1,13
KM102_TGTCCTGTCGCGTGAC-1,13
KM102_TGTGCGGGTACCATAC-1,13
KM102_TGTTCATTCCGCCTAT-1,13
KM102_TGTTTGTAGTGCCTCG-1,13
KM102_TTACCGCTCAGCGTCG-1,13
KM102_TTACGCCAGCGTATGG-1,13
KM102_TTACGTTAGCTACTGT-1,13
KM102_TTACGTTCATTGCCGG-1,13
KM102_TTCAATCAGACTAAGT-1,13
KM102_TTCATTGGTCGCTGCA-1,13
KM102_TTCCTCTTCGAGAAGC-1,13
KM102_TTCTTCCAGTTGTCGT-1,13
KM102_TTGAACGGTGAGACCA-1,13
KM102_TTGCCTGCACACCGCA-1,13
KM102_TTGCCTGGTACCCGAC-1,13
KM102_TTGCGTCAGTTGTAGA-1,13
KM102_TTGGATGCAGCGGTTC-1,13
KM102_TTGGGTAGTTGCATGT-1,14
KM102_TTGGTTTCATCGAACT-1,13
KM102_TTGTGGATCGCTGTCT-1,13
KM102_TTGTTCATCATTTGTC-1,13
KM102_TTGTTGTAGGCACTAG-1,13
KM102_TTGTTTGAGGTCGTAG-1,13
KM102_TTTGTTGGTCACTTAG-1,13
KM102_TTTGTTGTCAGTAGGG-1,13
KM103_AAAGGTACATGAAGGC-1,14
KM103_AACAACCCATGTGCCG-1,14
KM103_AACCATGAGGGTATAT-1,14
KM103_AACGAAAAGAGGTCAC-1,14
KM103_AAGACTCAGGTCGTAG-1,14
KM103_AAGCGTTCAACCGCCA-1,16
KM103_AAGCGTTGTAACACGG-1,14
KM103_AGAGAGCTCTACCTTA-1,16
KM103_AGGCATTCATTCACAG-1,15
KM103_AGGGTGAAGATTGACA-1,14
KM103_AGGTCTAAGTCGAAAT-1,14
KM103_AGTCATGAGAGAGCGG-1,14
KM103_AGTGCCGAGAAGAACG-1,14
KM103_ATAGAGATCATGCAGT-1,14
KM103_ATATCCTGTTTGAAAG-1,14
KM103_ATCACTTAGGTCTACT-1,14
KM103_ATCGGATAGTAGGAAG-1,14
KM103_ATGGTTGCAGTTCTAG-1,14
KM103_CAAGAGGTCACCTCGT-1,14
KM103_CAAGCTAGTCACTACA-1,14
KM103_CAGCAGCAGGTGCCAA-1,14
KM103_CAGCAGCTCAAGAGTA-1,14
KM103_CATACCCGTTACAGCT-1,16
KM103_CATCAAGCAAGTCATC-1,14
KM103_CATCCCACAGGAGACT-1,14
KM103_CATGAGTCAATTCTCT-1,14
KM103_CATGGTATCGGTAACT-1,14
KM103_CATTCTATCGACATAC-1,14
KM103_CCCTGATCATCGTCCT-1,14
KM103_CCGTTCACAAAGGGTC-1,14
KM103_CCTAACCAGTATTAGG-1,14
KM103_CCTCACATCCATAAGC-1,14
KM103_CCTCAGTAGCTAGCCC-1,14
KM103_CCTCCAATCACTTATC-1,14
KM103_CCTCCTCAGGAATGTT-1,14
KM103_CGCATAACATGACACT-1,14
KM103_CGGAATTGTTAAGCAA-1,14
KM103_CGTCAAACAGACTGCC-1,14
KM103_CGTCAAATCCACGTCT-1,14
KM103_CTAACTTTCATCAGTG-1,14
KM103_CTATCCGGTCGCATCG-1,14
KM103_CTCATGCCAATAGGAT-1,14
KM103_CTCATTAAGTGCACAG-1,16
KM103_CTGATCCGTGCTCGTG-1,14
KM103_CTGTGAAGTAGAATGT-1,14
KM103_CTTAGGAGTTGCTGAT-1,14
KM103_CTTCTAAGTGCAATGG-1,14
KM103_GAAGTAAGTTGCGGCT-1,14
KM103_GACCGTGTCTAAGAAG-1,14
KM103_GACTCTCTCAAAGCCT-1,14
KM103_GAGTGTTTCGGTAAGG-1,14
KM103_GATTTCTTCTGTAACG-1,14
KM103_GCACGGTTCTTCTGTA-1,14
KM103_GCAGCCAAGCTAAGTA-1,14
KM103_GCCAGCACATTCTTCA-1,14
KM103_GCCGATGCAAGGAGTC-1,14
KM103_GCTACAAAGGTAATCA-1,14
KM103_GGAAGTGCAGCGGTTC-1,14
KM103_GGAAGTGTCGACATAC-1,14
KM103_GGGCTACGTCGTAATC-1,14
KM103_GGGTCTGGTTAGGCCC-1,14
KM103_GGGTCTGTCAACTCTT-1,14
KM103_GGTCTGGAGCACGGAT-1,14
KM103_GGTGTTACACCAGCCA-1,14
KM103_GTAGCTAAGGACAGCT-1,14
KM103_GTCGCGAAGTCATGGG-1,14
KM103_GTGAGGATCCGCACGA-1,14
KM103_GTGGAAGGTGCCTGCA-1,14
KM103_GTGGAGATCAGAGTTC-1,16
KM103_GTGGCGTCATAATCGC-1,14
KM103_GTGGGAACACCCTGTT-1,14
KM103_GTGGGAAGTATGTGTC-1,14
KM103_GTTAGACCAATTGCAC-1,14
KM103_GTTGAACAGGGAGAAT-1,14
KM103_GTTGAACCAAGCAGGT-1,14
KM103_TAAGTCGGTTGTGGCC-1,14
KM103_TACCGAATCCAAGAGG-1,14
KM103_TACGTCCGTCCTGTCT-1,14
KM103_TACTTACGTAACTTCG-1,14
KM103_TAGACCACACTCTGCT-1,14
KM103_TAGATCGAGAACCGCA-1,14
KM103_TAGATCGGTAGTTCCA-1,14
KM103_TATCTTGGTTTCTATC-1,14
KM103_TCACGCTGTTCTCGTC-1,14
KM103_TCAGTGAAGAGTGAAG-1,14
KM103_TCCTCGATCACCTGTC-1,14
KM103_TCCTCGATCTTGCAGA-1,14
KM103_TCTTGCGTCTACTCAT-1,14
KM103_TGACGCGGTGCTGCAC-1,14
KM103_TGAGCATCAACCAGAG-1,14
KM103_TGCAGGCTCCGCTGTT-1,14
KM103_TGCGGGTTCACTGCTC-1,14
KM103_TGGGAGAGTATCCCTC-1,14
KM103_TGTACAGGTGCAACAG-1,14
KM103_TGTAGACCAAATACGA-1,14
KM103_TGTGTGACAATCGCAT-1,14
KM103_TGTGTGATCTAACGGT-1,14
KM103_TGTTACTTCTTACTGT-1,14
KM103_TGTTCCGGTGTATCCA-1,14
KM103_TTGCATTGTCCAAAGG-1,14
KM103_TTTATGCGTCATATGC-1,14
KC34_AACCAACTCACACCCT,12
KC34_AACCACATCGTGGTAT,12
KC34_AAGGTAAGTAACGATA,14
KC34_AAGTACCAGTAATCCC,13
KC34_ACAAGCTCAAGACGAC,12
KC34_ACACTGAAGGACAAGA,14
KC34_ACCATTTTCTATGCCC,12
KC34_ACGGTCGAGCTCGGCT,12
KC34_ACTGCAAAGACTCAAA,12
KC34_AGACAGGTCACTGGTA,12
KC34_AGAGAATGTGACACAG,12
KC34_AGATAGACAGCAAGAC,12
KC34_AGTACTGTCAATCGGT,12
KC34_AGTCAACTCTGCGAGC,14
KC34_ATCCCTGGTACTGGGA,12
KC34_ATCGGATAGCGCTGCT,12
KC34_ATCGTAGAGTTGGAGC,12
KC34_ATCGTGACATCGCTAA,12
KC34_CAACCAATCCGTATGA,12
KC34_CAACGGCCATCCGCGA,12
KC34_CACAGGCTCTCCGTGT,12
KC34_CACGAATAGTAGCCAG,12
KC34_CACGAATTCGGTCATA,12
KC34_CACGTTCAGCTCGTGC,12
KC34_CAGAGCCAGCCGTCGT,12
KC34_CATTTCACAAATCAGA,12
KC34_CGAGTGCTCCCGAGGT,12
KC34_CGGAACCTCGATTCCC,14
KC34_CGTAAGTCACACCGCA,12
KC34_CTACTATTCGATTTCT,12
KC34_CTGCAGGTCTGTTCAT,12
KC34_GAATCACGTCCTACAA,12
KC34_GATCACAGTCCTGGGT,12
KC34_GATTCGAGTAGGCTCC,12
KC34_GGCACGTAGAAAGCGA,12
KC34_GGTTGTACACAAATGA,12
KC34_GTATTTCTCATGCGGC,12
KC34_GTTTGGAGTGAGATCG,12
KC34_TAGTGCAAGGCACTAG,12
KC34_TCACAAGTCGCATGAT,12
KC34_TCCGAAACACCCTCTA,12
KC34_TCGAAGTAGTGCGCTC,14
KC34_TCGCACTGTTGTTTGG,12
KC34_TCGGTCTAGGCGTTGA,12
KC34_TGATTTCTCGCTCTCA,12
KC34_TGGAACTCAGTCAACT,14
KC34_TGGGCGTCAGATTAAG,13
KC34_TTATTGCAGACGGTCA,12
KC34_TTCAATCAGTGCCTCG,12
KC34_TTGGGATGTGTTTCTT,12
PA3_ACCAAACAGACTTGTC-1,14
PA3_ACCCTCATCCACTGGG-1,14
PA3_AGTCTCCCACAACATC-1,14
PA3_ATCTCTAAGCTCAGAG-1,15
PA3_ATGTCCCGTTCTTGCC-1,16
PA3_ATTTCACAGGCGAACT-1,14
PA3_CACATGATCTTCACGC-1,16
PA3_CACGTTCAGCGCGTTC-1,14
PA3_CAGATCAGTTGGTAGG-1,16
PA3_CAGCACGAGCACGTCC-1,14
PA3_CCTAACCTCAGCTTCC-1,14
PA3_CCTCCTCTCAGAGTGG-1,14
PA3_CGAAGTTAGAGCCATG-1,14
PA3_CGGAGAAAGGTGATCG-1,14
PA3_CGGGCATGTCGATTTG-1,14
PA3_CTCCACAAGTCCTACA-1,14
PA3_CTCCGATGTGTGGACA-1,15
PA3_GAATCGTAGTTACTCG-1,14
PA3_GAGTTACCAGTTGTTG-1,14
PA3_GCATTAGGTCTAGGCC-1,14
PA3_GCCAGGTCAGACCAGA-1,14
PA3_GCCCGAACAATAACCC-1,14
PA3_GCTGCAGAGAGCTGCA-1,14
PA3_GTAATCGTCACCATCC-1,14
PA3_GTAGTACGTAGATTAG-1,14
PA3_GTCACTCGTCAAAGCG-1,14
PA3_GTCGAATTCTATCCAT-1,14
PA3_GTCTACCAGCGACTGA-1,15
PA3_GTGGAGAGTCGTACTA-1,16
PA3_GTGTTCCGTCGCAACC-1,14
PA3_TACCCGTGTTGTTGAC-1,14
PA3_TACCGGGCACTTGGGC-1,14
PA3_TACCGGGCATCAACCA-1,14
PA3_TACGGTATCACCCATC-1,14
PA3_TAGACCAGTCTCTCCA-1,14
PA3_TCAAGTGGTTGGTACT-1,16
PA3_TCACTCGCAACACAGG-1,14
PA3_TCATCATAGACCCTTA-1,14
PA3_TCCATCGTCGTTCAGA-1,14
PA3_TCCTCCCTCACCGGGT-1,14
PA3_TCGATTTCATTCATCT-1,14
PA3_TCTCTGGTCCGAGATT-1,14
PA3_TGAACGTAGACAACTA-1,14
PA3_TTCTTCCAGATCCTAC-1,12
PA3_TTGTTCAAGAATTCAG-1,14
PA3_TTGTTGTTCGCTCATC-1,14
KC35_AACGAAAAGAGTCCGA,12
KC35_ACAACCAAGTAGTCCT,12
KC35_ACACCAAAGAAACCAT,15
KC35_ACACTGATCTCCTGTG,13
KC35_ACCATTTCATATTCGG,12
KC35_ACGGTCGAGGAGTATT,12
KC35_ACTTATCGTGGATACG,12
KC35_AGAACCTAGCGTCAAG,12
KC35_AGCATCATCCGCCTAT,15
KC35_AGCTTCCAGTCATACC,12
KC35_AGGAGGTGTCACCGAC,12
KC35_AGGATCTCATAACCCA,12
KC35_AGGATCTGTGAATAAC,15
KC35_ATATCCTCATACATCG,12
KC35_ATCCATTGTCAGATTC,12
KC35_ATCGGCGAGTGTTGAA,15
KC35_ATTACTCGTTGGTGTT,12
KC35_CAACAGTCACAATGTC,12
KC35_CAATTTCAGCATCAAA,12
KC35_CACTGTCCAGAGTTGG,12
KC35_CAGTTAGGTTAACCTG,12
KC35_CATACAGGTATGCAAA,12
KC35_CATCGTCAGTAGGTTA,12
KC35_CATGCAAGTAGATCGG,12
KC35_CCAATTTAGTGCCAGA,15
KC35_CCCGAAGGTGGGTCAA,12
KC35_CCGATCTCAGCGTTTA,12
KC35_CCGTTCATCATAAGGA,14
KC35_CCTTCAGCAATACGCT,12
KC35_CGCCATTAGCCTGAAG,12
KC35_CTACCCACACAACGAG,12
KC35_CTCAACCTCTACGGGC,12
KC35_CTTCAATCAGAAGCTG,12
KC35_CTTCTAAAGCCACCGT,12
KC35_GACCTTCTCCTAGCTC,12
KC35_GAGTCATCAGGCCCTA,12
KC35_GAGTCATCATGTTCGA,16
KC35_GAGTCATTCGCCTAGG,12
KC35_GGGACAACACTCCCTA,12
KC35_GTAGAGGAGTGTTCAC,12
KC35_GTAGAGGTCTCTGACC,12
KC35_GTAGTACAGCATGCAG,12
KC35_GTGGGAATCTTCCAGC,12
KC35_TACCGAAAGTTGGCTT,14
KC35_TATTGGGGTGTCCGTG,14
KC35_TCAATTCCAGTCGCAC,12
KC35_TCACACCTCATGCTAG,12
KC35_TCACGCTTCTGTCCGT,12
KC35_TCACTATTCAATCCGA,12
KC35_TCATTCATCAGACAAA,12
KC35_TCGCACTGTCGAACGA,12
KC35_TGAGCGCAGGCTGGAT,14
KC35_TGATCTTCAGCTGAAG,14
KC35_TGCGACGTCCTATTGT,12
KC35_TGGAACTGTATTGCCA,12
KC35_TGGTAGTGTTCGGTCG,12
KC35_TGTTTGTTCATTTGTC,15
KC35_TTACGTTAGCATGGGT,12
KC35_TTCACCGCAAGTGGCA,12
KC35_TTCAGGAAGCGACCCT,12
KC35_TTCTGTATCTGTGCAA,15
KC36_AAGACTCAGGACGCTA,12
KC36_ACAGGGAGTAGGACTG,12
KC36_ACTATGGAGACTTCGT,12
KC36_AGAGCAGAGCCTATCA,15
KC36_AGGTGTTGTTTGTGGT,14
KC36_ATCCATTCAAATGCGG,12
KC36_ATCCTATCAAAGCAAT,12
KC36_ATCGTGAGTCCAAAGG,14
KC36_ATGGTTGGTCCGAAAG,12
KC36_ATTCATCGTACCAGAG,12
KC36_ATTCTACTCCCGTGAG,15
KC36_ATTGTTCTCTCTGCCA,12
KC36_ATTTACCCACCTGCTT,12
KC36_CAGATTGGTCTTTCAT,12
KC36_CATTCTAGTAGACACG,12
KC36_CCACTTGTCGGCTGAC,12
KC36_CCATCACTCTGATTCT,15
KC36_CCCGGAAAGGATTCAA,12
KC36_CCTCAACGTGCAAGAC,12
KC36_CCTCCTCAGGGCAGAG,12
KC36_CCTGTTGTCACATCAG,12
KC36_CGTAAGTCATATCGGT,12
KC36_CTGAGCGTCACTGCTC,15
KC36_GCTGCAGAGGCCTTCG,12
KC36_GGGTAGAGTGCTCGTG,14
KC36_GTGATGTCAATCGTCA,12
KC36_GTGCACGAGAGGCGTT,12
KC36_GTGCACGAGCACTCTA,12
KC36_GTGCACGTCGCTAAAC,12
KC36_GTTAGTGAGCATTTGC,15
KC36_TAAGCGTAGGTGCTAG,12
KC36_TACCTCGGTTAACCTG,12
KC36_TAGGGTTAGCCATCCG,12
KC36_TCAGTCCAGTCACTAC,12
KC36_TCATGTTAGATAACGT,12
KC36_TCCGTGTGTCTGTTAG,12
KC36_TCGAACACATAGCTGT,12
KC36_TCTAACTTCACAGTGT,12
KC36_TCTTTGACAAGGCCTC,12
KC36_TGAGGGATCATTGTTC,12
KC36_TGCTGAACAATAGTCC,12
KC36_TGGGATTCAGGGTTGA,12
KC36_TGTAGACCAGTCGTTA,12
KC36_TGTTCATAGCCTGTCG,12
KC36_TTACAGGCACAATGAA,12
KC36_TTCCTCTTCGTGCATA,12
KC36_TTCGATTTCTAAGGAA,12
KC36_TTGAGTGGTCAACACT,12
KC36_TTTATGCGTAAGATCA,12
KC39_ACATGCAGTCAAGCGA-1,15
KC39_ACCCTCACAGCGTACC-1,14
KC39_ACGGAAGAGTTCTACG-1,12
KC39_AGATAGAAGGTGAGCT-1,12
KC39_AGCCAATTCGAAGCCC-1,14
KC39_AGGTGTTCACGCTGCA-1,13
KC39_CAAGAGGGTCGCATGC-1,14
KC39_CAAGAGGTCGCAGATT-1,15
KC39_CAGATACCATCACCAA-1,12
KC39_CCATAAGCAGCTGCCA-1,12
KC39_CGCGTGAGTTGACTAC-1,12
KC39_CGTAGTAGTGTCATTG-1,12
KC39_CGTTCTGCAAATTGCC-1,15
KC39_CGTTGGGAGGTAAGGA-1,14
KC39_CTAGGTAGTGAGCCAA-1,12
KC39_CTTGATTTCGGAACTT-1,14
KC39_GCAGCTGTCGAGTCCG-1,12
KC39_GCTACCTGTACATACC-1,15
KC39_GGTGTCGTCGCGAAGA-1,12
KC39_GTAGAGGCAAACTGCT-1,14
KC39_GTAGATCCAAGACCTT-1,12
KC39_GTCAGCGCAGCACCCA-1,13
KC39_GTCATCCAGAAGGGAT-1,13
KC39_GTCGTTCTCCCTTCCC-1,12
KC39_GTGCACGCACAAAGCG-1,13
KC39_GTGGAGAGTTGTTGCA-1,12
KC39_TAACGACCAAGTTGGG-1,15
KC39_TAAGTCGAGCAGGTCA-1,13
KC39_TACCGAAAGTTTGCTG-1,12
KC39_TCAAGTGCATCCTGTC-1,12
KC39_TCAGTTTCAGAACGCA-1,12
KC39_TCGCTTGCAGATCACT-1,12
KC39_TCTACATAGGTGAGCT-1,13
KC39_TGAGGGACACTACAGT-1,12
KC39_TGAGTCATCTCCCAAC-1,14
KC39_TGTCCTGAGGAGTACC-1,12
KC39_TTACAGGAGTAGAGTT-1,12
KC39_TTCTAACAGCCGCACT-1,12
KC40_AACCTTTGTGAGACCA-1,13
KC40_ACACAGTCACCAATTG-1,13
KC40_AGTACCATCTTACTGT-1,12
KC40_AGTGATCCAACACGAG-1,13
KC40_CAGATCAGTTCCACGG-1,15
KC40_CTGAGGCTCGGACTGC-1,13
KC40_GATGATCAGTACCATC-1,15
KC40_GCCCAGAAGTCGGCCT-1,13
KC40_GCGTTTCTCGATGCAT-1,14
KC40_GGGATGAAGGATAATC-1,14
KC40_GTCAGCGGTGACGCCT-1,14
KC40_TATGTTCTCTTGATTC-1,13
KC40_TCAGTTTTCTCTGACC-1,14
KC40_TCATTACGTGGGTATG-1,13
KC40_TGAATCGGTAGTATAG-1,16
KC40_TGAGGGATCAACTTTC-1,15
KC40_TTCGGTCCACCGGTCA-1,14
KC40_TTGGGTATCATGGGAG-1,14
KC40_TTTAGTCCAGCTGAGA-1,15
PA1_AGGCTGCGTACAGTAA-1,14
PA1_CAATACGGTGAGTTGG-1,14
PA1_GAAGGGTTCGCCAGTG-1,14
PA1_GACTCAACACTGTGTA-1,14
PA1_GCGATCGAGTCTGGTT-1,14
PA1_GTGTAACGTAAGTAGT-1,14
PA1_GTTGTCCGTCATCCGG-1,14
PA1_TGGATGTCAAGAATGT-1,14
PA1_TTTGACTAGATGCCGA-1,14
KC82_AAAGTCCAGCCTCAGC-1,12
KC82_AACCACAGTCCACTCT-1,12
KC82_AAGTACCAGGTACCTT-1,12
KC82_AATAGAGGTGACGTCC-1,15
KC82_ACACTGAAGTGGACTG-1,12
KC82_ACACTGACACAATTCG-1,15
KC82_ACAGCCGCACCTCAGG-1,12
KC82_ACTCTCGCAGATCCTA-1,12
KC82_ACTGTCCCAAAGCTCT-1,12
KC82_ACTTATCAGAATCCCT-1,12
KC82_AGATAGACACTACCCT-1,12
KC82_AGATCGTGTACTCGTA-1,12
KC82_AGATGAACAACACTAC-1,14
KC82_AGGATCTGTAGACAGC-1,12
KC82_AGGCATTGTCGGCTAC-1,13
KC82_AGGTTACCAACTAGAA-1,12
KC82_AGTAGTCGTCTAGGTT-1,12
KC82_AGTGATCTCTACGCAA-1,12
KC82_ATACCGAGTCAGACTT-1,12
KC82_ATACCTTGTAGCCCTG-1,12
KC82_ATATCCTAGCACTAGG-1,13
KC82_ATCACTTCAACACGTT-1,12
KC82_ATCACTTGTATGTCAC-1,12
KC82_ATCCCTGAGCTTTGTG-1,12
KC82_ATCGGATAGGTAGATT-1,12
KC82_ATGACCAGTGGATCAG-1,12
KC82_ATGCATGCAATAGTGA-1,13
KC82_ATGGGAGGTGAACCGA-1,12
KC82_ATGGTTGGTCTGTAAC-1,13
KC82_ATTACTCTCAGCATTG-1,12
KC82_ATTCTTGGTTGAGAGC-1,12
KC82_CACGTTCTCGCCGAAC-1,12
KC82_CAGATACTCCTCACTG-1,12
KC82_CATCGCTGTTGAATCC-1,12
KC82_CATGAGTGTTGCTAGT-1,12
KC82_CATTCCGAGTCATGCT-1,14
KC82_CCATCACAGCATCAGG-1,12
KC82_CCGGTAGAGCGACTTT-1,12
KC82_CCTCCTCCACATTCGA-1,12
KC82_CGATGCGAGGGACAGG-1,13
KC82_CGTGCTTAGTCATGAA-1,12
KC82_CGTTGGGCACAGACGA-1,12
KC82_CTACCTGTCGTGTGAT-1,12
KC82_CTCAATTCAAGGCTTT-1,12
KC82_CTCCCAAGTAGACGTG-1,12
KC82_CTCTGGTAGAGGCGGA-1,13
KC82_CTGAATGGTCCACTCT-1,12
KC82_CTGAGGCTCTATCGCC-1,12
KC82_CTGATCCGTGATGGCA-1,14
KC82_CTTCAATCATACGCAT-1,12
KC82_GAAGCCCTCACACCCT-1,13
KC82_GACACGCTCTCTGAGA-1,12
KC82_GACCCAGGTTGTGCCG-1,12
KC82_GACCTTCAGGTCGAGT-1,12
KC82_GAGAGGTTCTATTGTC-1,12
KC82_GAGGCCTAGTTCAACC-1,12
KC82_GAGTTACAGTGCCGAA-1,12
KC82_GAGTTGTAGCTAGATA-1,12
KC82_GATGTTGGTGAGAACC-1,12
KC82_GCCAGCAGTGCAATAA-1,14
KC82_GCCCGAATCCAGTACA-1,12
KC82_GCCGATGAGGGAGTTC-1,12
KC82_GCGTTTCGTTCTAACG-1,12
KC82_GCTTTCGTCGGAGTAG-1,12
KC82_GGAGATGTCGGTAACT-1,13
KC82_GGAGGATAGCACGTCC-1,13
KC82_GGCAGTCCAGCGACAA-1,12
KC82_GGGAGTACAAGTAGTA-1,12
KC82_GGGCGTTCATACCACA-1,12
KC82_GGGTGTCAGGTAAGTT-1,12
KC82_GTACAGTCAATTTCCT-1,12
KC82_GTAGAAACAATCGAAA-1,14
KC82_GTAGAGGCACTCCTTG-1,12
KC82_GTCAGCGGTGGAACAC-1,12
KC82_GTCATTTCAGAATCGG-1,12
KC82_GTGACGCCAAATTAGG-1,12
KC82_GTGTAACAGTAAAGCT-1,12
KC82_GTTTACTCATCCTCAC-1,12
KC82_TAACACGCAGCCTACG-1,12
KC82_TAACACGTCAACCGAT-1,16
KC82_TAAGCCACAACTTGGT-1,12
KC82_TATATCCCAAGCGAAC-1,13
KC82_TATCAGGTCCAGCCTT-1,15
KC82_TCACAAGTCAACCTTT-1,12
KC82_TCAGTCCCAAGGCCTC-1,12
KC82_TCATACTGTGAGGATC-1,13
KC82_TCATTACGTCTTTATC-1,12
KC82_TCATTGTCATAGAATG-1,12
KC82_TCCGGGATCTGCTAGA-1,13
KC82_TCCTAATCACGGGCTT-1,12
KC82_TCGGGACGTCTAACTG-1,12
KC82_TCGTAGAGTCTTACAG-1,12
KC82_TCTGTCGTCACCATGA-1,12
KC82_TCTTCCTAGAAGCCTG-1,12
KC82_TGAATCGGTAGCCCTG-1,12
KC82_TGCCGAGCAACAACAA-1,12
KC82_TGCGGGTTCTTCCTAA-1,13
KC82_TGCTTCGCAGTAGTTC-1,13
KC82_TGGGTTACATCGGCCA-1,12
KC82_TGGTAGTGTTCACGAT-1,12
KC82_TGTCAGAAGTAGGTTA-1,13
KC82_TGTGATGTCGGTCAGC-1,12
KC82_TTACCGCCAATTGCCA-1,12
KC82_TTACGTTTCTACCCAC-1,12
KC82_TTCCTTCAGCCTCAGC-1,12
KC82_TTCTCTCTCGGAATGG-1,12
KC82_TTGGGTAGTGTGCTTA-1,13
KC82_TTGGTTTTCATTTCGT-1,12
KC82_TTGTGGAAGCAGGCAT-1,12
KC82_TTGTTGTGTCCTTGTC-1,12
KC82_TTTCGATAGCCTGAAG-1,12
PA4_AAGATAGAGTGGCAGT-1,14
PA4_AATCACGTCCTGGTCT-1,15
PA4_AATGAAGGTGTACGCC-1,15
PA4_ACAAGCTCAACTACGT-1,15
PA4_ACATCCCCACACCGCA-1,15
PA4_ACATCGAGTCTAGGTT-1,14
PA4_ACCACAAGTCAACCAT-1,14
PA4_ACGGTCGGTTTGGAAA-1,14
PA4_ACTATGGTCGAGAACG-1,15
PA4_AGCGCCACACTAGGTT-1,15
PA4_AGGCTGCTCGGCCCAA-1,14
PA4_AGGTAGGTCAACTGGT-1,14
PA4_ATCACGAGTCGCCACA-1,14
PA4_ATCATTCTCTATACTC-1,15
PA4_CAAGACTCAAACTGCT-1,15
PA4_CAAGACTGTAGGAGGG-1,15
PA4_CACCGTTTCTCCCATG-1,15
PA4_CATACCCAGAATCCCT-1,15
PA4_CATCCGTCAGCCCACA-1,15
PA4_CATTCATAGTGAATAC-1,15
PA4_CATTGAGCACACAGCC-1,15
PA4_CCGAACGTCGGTAGGA-1,14
PA4_CCGGTAGCACCAATTG-1,14
PA4_CCGGTGAAGCGTATGG-1,14
PA4_CCTTGTGGTCATAAAG-1,14
PA4_CGAAGGAGTGAGGATC-1,15
PA4_CTACCCAGTCAAAGCG-1,14
PA4_CTACTATTCACCCTGT-1,15
PA4_CTATCTAAGTGAGTTA-1,15
PA4_CTCAACCAGAATCGAT-1,14
PA4_CTCAACCCACGTTGGC-1,14
PA4_CTCAGTCAGTCACTGT-1,15
PA4_CTCAGTCAGTGCAGGT-1,14
PA4_CTCATGCAGCTAGAGC-1,14
PA4_CTCATTACAATACGCT-1,14
PA4_CTTCCTTTCGACGTCG-1,14
PA4_GAATAGACAGTGACCC-1,14
PA4_GAGTTGTCAAGTGCAG-1,14
PA4_GATCGTAGTAACAAGT-1,14
PA4_GATCGTATCTCGCTCA-1,15
PA4_GGATCTAGTTTACGTG-1,14
PA4_GGGACTCTCTTCACAT-1,14
PA4_GGGATCCCACTCCCTA-1,16
PA4_GGGCCATGTAGTCGGA-1,14
PA4_GGGTCACGTGGAGAAA-1,14
PA4_GGTGTTATCTACTTCA-1,14
PA4_GGTTCTCCAGGAGACT-1,14
PA4_GTCTAGACAGGCAATG-1,14
PA4_GTGGCGTAGCCAGTAG-1,14
PA4_GTGTGGCTCCTACGGG-1,14
PA4_GTTGTGATCGTTCCTG-1,14
PA4_TAACCAGTCGATAACC-1,15
PA4_TACCTGCTCCATACAG-1,14
PA4_TAGGAGGCAAGTACCT-1,14
PA4_TATTCCATCCTGTTGC-1,15
PA4_TCAGTGACAATTGAGA-1,15
PA4_TCATTGTTCACCTCAC-1,15
PA4_TCCTGCATCAGCTGAT-1,12
PA4_TCGTCCACAGGATCTT-1,14
PA4_TGCAGTAGTCTGTCCT-1,15
PA4_TGCATCCGTCTCCTGT-1,14
PA4_TGGAACTTCAGGACAG-1,15
PA4_TGGTACAGTCGCACGT-1,14
PA4_TGTAAGCCACATAACC-1,15
PA4_TGTGCGGGTTGCGTAT-1,15
PA4_TTAGGCATCCTTGAAG-1,14
PA4_TTCCACGAGAGATTCA-1,14
PA4_TTCCTAACATGAAGGC-1,15
PA4_TTCCTTCAGCAGTACG-1,14
PA4_TTGCGTCAGCATCAGG-1,12
PA4_TTGCGTCTCGCATTAG-1,14
PA4_TTGGTTTTCTGCTCTG-1,14
PA4_TTTCACAGTGAACTAA-1,15
PA4_TTTGTTGAGTTGAAGT-1,14
KC83_AAAGTGACAGCAGACA-1,12
KC83_ATCGCCTAGTCCGTCG-1,12
KC83_CAATCGACACACGCCA-1,12
KC83_CAGCGTGAGTGGTGAC-1,14
KC83_CCAATGATCACCCTCA-1,12
KC83_CGAGGAATCAGAACCT-1,12
KC83_CTCTGGTGTCGGTGTC-1,13
KC83_GATTTCTTCGCACTCT-1,12
KC83_GTCGCGAAGTTCAACC-1,13
KC83_GTGAGGAGTCGACTGC-1,12
KC83_TACTTCAAGACAGCGT-1,12
KC83_TATCGCCGTTACCGTA-1,12
KC83_TTCCTAAGTCCGAAGA-1,12
KC83_TTCTAACCAGCGTTGC-1,12
KC84_AAACCCATCGATAACC-1,14
KC84_ACAGCCGTCCATCCGT-1,15
KC84_ACATCGAGTTTACGAC-1,12
KC84_ACCAACATCAAAGAAC-1,12
KC84_ACGGAAGCATACCGTA-1,12
KC84_ACGGTTAGTACCATAC-1,14
KC84_ACGTAGTCACCAAATC-1,12
KC84_ACTCCCATCCTCATAT-1,12
KC84_ACTGATGCACAGCATT-1,12
KC84_AGAACAAGTGACCGTC-1,12
KC84_AGAGAGCAGTGCAGCA-1,12
KC84_AGAGAGCCAATACGCT-1,12
KC84_AGCCAGCGTCATAGTC-1,12
KC84_AGTGCCGTCACCTCGT-1,12
KC84_ATGAAAGCAATCAGCT-1,12
KC84_ATGGTTGTCTCCACTG-1,15
KC84_CAACGGCTCCGGACTG-1,12
KC84_CAATACGCACAACGCC-1,12
KC84_CACGTGGCAGCAAGAC-1,12
KC84_CAGCAGCAGCCGTAAG-1,12
KC84_CATACTTTCCGAGTGC-1,12
KC84_CATGCGGCAGAGAAAG-1,12
KC84_CATTGAGTCCCATTCG-1,12
KC84_CATTGCCTCCGAGAAG-1,12
KC84_CCTCAACGTGGACCAA-1,12
KC84_CCTGTTGAGATGGCAC-1,12
KC84_CGAGTGCGTACCGGAA-1,12
KC84_CGTTCTGGTTGCTCCT-1,12
KC84_CTGGTCTGTTGTAGCT-1,12
KC84_GACACGCGTCACAATC-1,12
KC84_GAGACTTTCGCAAGAG-1,12
KC84_GATTCGAAGTAAGAGG-1,12
KC84_GCAGCTGCAGGACTTT-1,12
KC84_GCCATTCTCCTTCAGC-1,12
KC84_GCTTGGGAGCATGCGA-1,12
KC84_GGTGAAGAGAGCAAGA-1,12
KC84_GTCGTTCTCCTAGCCT-1,14
KC84_GTGCAGCAGATCCTAC-1,12
KC84_GTGGGAATCTCGGGAC-1,14
KC84_GTGGTTAAGTCTGCAT-1,12
KC84_TAGACCACAATTGCAC-1,12
KC84_TAGGTACAGACAACAT-1,12
KC84_TCAAGACCATGATCTG-1,12
KC84_TCAAGTGTCTATCACT-1,14
KC84_TCAGTCCGTATACAGA-1,14
KC84_TCATGCCAGTCTCGTA-1,12
KC84_TCGACCTTCTTCCCGA-1,12
KC84_TCGATTTCAGACTGCC-1,12
KC84_TCTAACTAGACATCCT-1,12
KC84_TCTAACTGTGTTACTG-1,12
KC84_TGACGCGCAGCTATAC-1,12
KC84_TGAGGAGCAGATACCT-1,12
KC84_TGAGGGAAGTAGCCAG-1,14
KC84_TGTTCTAGTTAGGAGC-1,12
KC84_TTACTGTTCATACAGC-1,12
KC84_TTAGGCAAGGGAACAA-1,12
KC84_TTGCTGCCACGTACAT-1,12
KC84_TTGTTCAAGCCTGTGC-1,12
PA5_AAAGGTAAGTTCATCG-1,12
PA5_AACCAACAGGTAAGAG-1,14
PA5_AAGGTAATCGGTCTGG-1,14
PA5_AGGATAACACATTGTG-1,14
PA5_AGTAGCTAGATAGTCA-1,15
PA5_ATCACTTTCGGTTGTA-1,14
PA5_CAAGCTAAGTGGACGT-1,14
PA5_CACAGGCTCGTAGTGT-1,14
PA5_CATCCCAAGTCATGCT-1,14
PA5_CCCTAACTCGCCCAGA-1,14
PA5_CGATGCGCAGACCGCT-1,12
PA5_CTAAGTGGTCGAGATG-1,14
PA5_CTACAGACAGGGATAC-1,15
PA5_CTCAATTCAACTCGTA-1,14
PA5_GACCTTCGTGGTCCCA-1,14
PA5_GATTGGTTCAAGTGGG-1,14
PA5_GCGAGAAAGGAGACCT-1,14
PA5_GCTTTCGCATCTCATT-1,14
PA5_GGAATGGTCGTGAGAG-1,15
PA5_GGGTCTGAGAACAGGA-1,14
PA5_GTAATGCAGCAAATCA-1,14
PA5_GTGAGCCTCAATCAGC-1,15
PA5_TACTTGTCACTGCACG-1,12
PA5_TCAGGTAGTAGCCCTG-1,14
PA5_TCCATGCAGGATTTGA-1,14
PA5_TCTACATCACAAAGCG-1,14
PA5_TCTCCGAGTTTGCAGT-1,14
PA5_TGACGCGCATGGCACC-1,16
PA5_TGAGGAGCAATTTCGG-1,14
PA5_TGCAGGCCAGAAATCA-1,14
PA5_TGGATGTTCTTAATCC-1,12
PA5_TTACCGCCATAATCGC-1,14
